[{"model": "auth.permission", "pk": 1, "fields": {"name": "Can add user dashboard module", "content_type": 1, "codename": "add_userdashboardmodule"}}, {"model": "auth.permission", "pk": 2, "fields": {"name": "Can change user dashboard module", "content_type": 1, "codename": "change_userdashboardmodule"}}, {"model": "auth.permission", "pk": 3, "fields": {"name": "Can delete user dashboard module", "content_type": 1, "codename": "delete_userdashboardmodule"}}, {"model": "auth.permission", "pk": 4, "fields": {"name": "Can view user dashboard module", "content_type": 1, "codename": "view_userdashboardmodule"}}, {"model": "auth.permission", "pk": 5, "fields": {"name": "Can add bookmark", "content_type": 2, "codename": "add_bookmark"}}, {"model": "auth.permission", "pk": 6, "fields": {"name": "Can change bookmark", "content_type": 2, "codename": "change_bookmark"}}, {"model": "auth.permission", "pk": 7, "fields": {"name": "Can delete bookmark", "content_type": 2, "codename": "delete_bookmark"}}, {"model": "auth.permission", "pk": 8, "fields": {"name": "Can view bookmark", "content_type": 2, "codename": "view_bookmark"}}, {"model": "auth.permission", "pk": 9, "fields": {"name": "Can add pinned application", "content_type": 3, "codename": "add_pinnedapplication"}}, {"model": "auth.permission", "pk": 10, "fields": {"name": "Can change pinned application", "content_type": 3, "codename": "change_pinnedapplication"}}, {"model": "auth.permission", "pk": 11, "fields": {"name": "Can delete pinned application", "content_type": 3, "codename": "delete_pinnedapplication"}}, {"model": "auth.permission", "pk": 12, "fields": {"name": "Can view pinned application", "content_type": 3, "codename": "view_pinnedapplication"}}, {"model": "auth.permission", "pk": 13, "fields": {"name": "Can add log entry", "content_type": 4, "codename": "add_logentry"}}, {"model": "auth.permission", "pk": 14, "fields": {"name": "Can change log entry", "content_type": 4, "codename": "change_logentry"}}, {"model": "auth.permission", "pk": 15, "fields": {"name": "Can delete log entry", "content_type": 4, "codename": "delete_logentry"}}, {"model": "auth.permission", "pk": 16, "fields": {"name": "Can view log entry", "content_type": 4, "codename": "view_logentry"}}, {"model": "auth.permission", "pk": 17, "fields": {"name": "Can add permission", "content_type": 5, "codename": "add_permission"}}, {"model": "auth.permission", "pk": 18, "fields": {"name": "Can change permission", "content_type": 5, "codename": "change_permission"}}, {"model": "auth.permission", "pk": 19, "fields": {"name": "Can delete permission", "content_type": 5, "codename": "delete_permission"}}, {"model": "auth.permission", "pk": 20, "fields": {"name": "Can view permission", "content_type": 5, "codename": "view_permission"}}, {"model": "auth.permission", "pk": 21, "fields": {"name": "Can add group", "content_type": 6, "codename": "add_group"}}, {"model": "auth.permission", "pk": 22, "fields": {"name": "Can change group", "content_type": 6, "codename": "change_group"}}, {"model": "auth.permission", "pk": 23, "fields": {"name": "Can delete group", "content_type": 6, "codename": "delete_group"}}, {"model": "auth.permission", "pk": 24, "fields": {"name": "Can view group", "content_type": 6, "codename": "view_group"}}, {"model": "auth.permission", "pk": 25, "fields": {"name": "Can add user", "content_type": 7, "codename": "add_user"}}, {"model": "auth.permission", "pk": 26, "fields": {"name": "Can change user", "content_type": 7, "codename": "change_user"}}, {"model": "auth.permission", "pk": 27, "fields": {"name": "Can delete user", "content_type": 7, "codename": "delete_user"}}, {"model": "auth.permission", "pk": 28, "fields": {"name": "Can view user", "content_type": 7, "codename": "view_user"}}, {"model": "auth.permission", "pk": 29, "fields": {"name": "Can add content type", "content_type": 8, "codename": "add_contenttype"}}, {"model": "auth.permission", "pk": 30, "fields": {"name": "Can change content type", "content_type": 8, "codename": "change_contenttype"}}, {"model": "auth.permission", "pk": 31, "fields": {"name": "Can delete content type", "content_type": 8, "codename": "delete_contenttype"}}, {"model": "auth.permission", "pk": 32, "fields": {"name": "Can view content type", "content_type": 8, "codename": "view_contenttype"}}, {"model": "auth.permission", "pk": 33, "fields": {"name": "Can add session", "content_type": 9, "codename": "add_session"}}, {"model": "auth.permission", "pk": 34, "fields": {"name": "Can change session", "content_type": 9, "codename": "change_session"}}, {"model": "auth.permission", "pk": 35, "fields": {"name": "Can delete session", "content_type": 9, "codename": "delete_session"}}, {"model": "auth.permission", "pk": 36, "fields": {"name": "Can view session", "content_type": 9, "codename": "view_session"}}, {"model": "auth.permission", "pk": 37, "fields": {"name": "Can add customer", "content_type": 10, "codename": "add_customer"}}, {"model": "auth.permission", "pk": 38, "fields": {"name": "Can change customer", "content_type": 10, "codename": "change_customer"}}, {"model": "auth.permission", "pk": 39, "fields": {"name": "Can delete customer", "content_type": 10, "codename": "delete_customer"}}, {"model": "auth.permission", "pk": 40, "fields": {"name": "Can view customer", "content_type": 10, "codename": "view_customer"}}, {"model": "auth.permission", "pk": 41, "fields": {"name": "Can add retailer", "content_type": 11, "codename": "add_retailer"}}, {"model": "auth.permission", "pk": 42, "fields": {"name": "Can change retailer", "content_type": 11, "codename": "change_retailer"}}, {"model": "auth.permission", "pk": 43, "fields": {"name": "Can delete retailer", "content_type": 11, "codename": "delete_retailer"}}, {"model": "auth.permission", "pk": 44, "fields": {"name": "Can view retailer", "content_type": 11, "codename": "view_retailer"}}, {"model": "auth.permission", "pk": 45, "fields": {"name": "Can add category", "content_type": 12, "codename": "add_category"}}, {"model": "auth.permission", "pk": 46, "fields": {"name": "Can change category", "content_type": 12, "codename": "change_category"}}, {"model": "auth.permission", "pk": 47, "fields": {"name": "Can delete category", "content_type": 12, "codename": "delete_category"}}, {"model": "auth.permission", "pk": 48, "fields": {"name": "Can view category", "content_type": 12, "codename": "view_category"}}, {"model": "auth.permission", "pk": 49, "fields": {"name": "Can add product", "content_type": 13, "codename": "add_product"}}, {"model": "auth.permission", "pk": 50, "fields": {"name": "Can change product", "content_type": 13, "codename": "change_product"}}, {"model": "auth.permission", "pk": 51, "fields": {"name": "Can delete product", "content_type": 13, "codename": "delete_product"}}, {"model": "auth.permission", "pk": 52, "fields": {"name": "Can view product", "content_type": 13, "codename": "view_product"}}, {"model": "auth.permission", "pk": 53, "fields": {"name": "Can add product item", "content_type": 14, "codename": "add_productitem"}}, {"model": "auth.permission", "pk": 54, "fields": {"name": "Can change product item", "content_type": 14, "codename": "change_productitem"}}, {"model": "auth.permission", "pk": 55, "fields": {"name": "Can delete product item", "content_type": 14, "codename": "delete_productitem"}}, {"model": "auth.permission", "pk": 56, "fields": {"name": "Can view product item", "content_type": 14, "codename": "view_productitem"}}, {"model": "auth.permission", "pk": 57, "fields": {"name": "Can add review", "content_type": 15, "codename": "add_review"}}, {"model": "auth.permission", "pk": 58, "fields": {"name": "Can change review", "content_type": 15, "codename": "change_review"}}, {"model": "auth.permission", "pk": 59, "fields": {"name": "Can delete review", "content_type": 15, "codename": "delete_review"}}, {"model": "auth.permission", "pk": 60, "fields": {"name": "Can view review", "content_type": 15, "codename": "view_review"}}, {"model": "auth.permission", "pk": 61, "fields": {"name": "Can add cart", "content_type": 16, "codename": "add_cart"}}, {"model": "auth.permission", "pk": 62, "fields": {"name": "Can change cart", "content_type": 16, "codename": "change_cart"}}, {"model": "auth.permission", "pk": 63, "fields": {"name": "Can delete cart", "content_type": 16, "codename": "delete_cart"}}, {"model": "auth.permission", "pk": 64, "fields": {"name": "Can view cart", "content_type": 16, "codename": "view_cart"}}, {"model": "auth.permission", "pk": 65, "fields": {"name": "Can add cart item", "content_type": 17, "codename": "add_cartitem"}}, {"model": "auth.permission", "pk": 66, "fields": {"name": "Can change cart item", "content_type": 17, "codename": "change_cartitem"}}, {"model": "auth.permission", "pk": 67, "fields": {"name": "Can delete cart item", "content_type": 17, "codename": "delete_cartitem"}}, {"model": "auth.permission", "pk": 68, "fields": {"name": "Can view cart item", "content_type": 17, "codename": "view_cartitem"}}, {"model": "auth.permission", "pk": 69, "fields": {"name": "Can add custom order", "content_type": 18, "codename": "add_customorder"}}, {"model": "auth.permission", "pk": 70, "fields": {"name": "Can change custom order", "content_type": 18, "codename": "change_customorder"}}, {"model": "auth.permission", "pk": 71, "fields": {"name": "Can delete custom order", "content_type": 18, "codename": "delete_customorder"}}, {"model": "auth.permission", "pk": 72, "fields": {"name": "Can view custom order", "content_type": 18, "codename": "view_customorder"}}, {"model": "auth.permission", "pk": 73, "fields": {"name": "Can add order", "content_type": 19, "codename": "add_order"}}, {"model": "auth.permission", "pk": 74, "fields": {"name": "Can change order", "content_type": 19, "codename": "change_order"}}, {"model": "auth.permission", "pk": 75, "fields": {"name": "Can delete order", "content_type": 19, "codename": "delete_order"}}, {"model": "auth.permission", "pk": 76, "fields": {"name": "Can view order", "content_type": 19, "codename": "view_order"}}, {"model": "auth.permission", "pk": 77, "fields": {"name": "Can add shipping address", "content_type": 20, "codename": "add_shippingaddress"}}, {"model": "auth.permission", "pk": 78, "fields": {"name": "Can change shipping address", "content_type": 20, "codename": "change_shippingaddress"}}, {"model": "auth.permission", "pk": 79, "fields": {"name": "Can delete shipping address", "content_type": 20, "codename": "delete_shippingaddress"}}, {"model": "auth.permission", "pk": 80, "fields": {"name": "Can view shipping address", "content_type": 20, "codename": "view_shippingaddress"}}, {"model": "auth.permission", "pk": 81, "fields": {"name": "Can add order item", "content_type": 21, "codename": "add_orderitem"}}, {"model": "auth.permission", "pk": 82, "fields": {"name": "Can change order item", "content_type": 21, "codename": "change_orderitem"}}, {"model": "auth.permission", "pk": 83, "fields": {"name": "Can delete order item", "content_type": 21, "codename": "delete_orderitem"}}, {"model": "auth.permission", "pk": 84, "fields": {"name": "Can view order item", "content_type": 21, "codename": "view_orderitem"}}, {"model": "auth.permission", "pk": 85, "fields": {"name": "Can add wish list", "content_type": 22, "codename": "add_wishlist"}}, {"model": "auth.permission", "pk": 86, "fields": {"name": "Can change wish list", "content_type": 22, "codename": "change_wishlist"}}, {"model": "auth.permission", "pk": 87, "fields": {"name": "Can delete wish list", "content_type": 22, "codename": "delete_wishlist"}}, {"model": "auth.permission", "pk": 88, "fields": {"name": "Can view wish list", "content_type": 22, "codename": "view_wishlist"}}, {"model": "auth.permission", "pk": 89, "fields": {"name": "Can add wish list item", "content_type": 23, "codename": "add_wishlistitem"}}, {"model": "auth.permission", "pk": 90, "fields": {"name": "Can change wish list item", "content_type": 23, "codename": "change_wishlistitem"}}, {"model": "auth.permission", "pk": 91, "fields": {"name": "Can delete wish list item", "content_type": 23, "codename": "delete_wishlistitem"}}, {"model": "auth.permission", "pk": 92, "fields": {"name": "Can view wish list item", "content_type": 23, "codename": "view_wishlistitem"}}, {"model": "auth.permission", "pk": 93, "fields": {"name": "Can add admin account", "content_type": 24, "codename": "add_adminaccount"}}, {"model": "auth.permission", "pk": 94, "fields": {"name": "Can change admin account", "content_type": 24, "codename": "change_adminaccount"}}, {"model": "auth.permission", "pk": 95, "fields": {"name": "Can delete admin account", "content_type": 24, "codename": "delete_adminaccount"}}, {"model": "auth.permission", "pk": 96, "fields": {"name": "Can view admin account", "content_type": 24, "codename": "view_adminaccount"}}, {"model": "auth.permission", "pk": 97, "fields": {"name": "Can add customer account", "content_type": 25, "codename": "add_customeraccount"}}, {"model": "auth.permission", "pk": 98, "fields": {"name": "Can change customer account", "content_type": 25, "codename": "change_customeraccount"}}, {"model": "auth.permission", "pk": 99, "fields": {"name": "Can delete customer account", "content_type": 25, "codename": "delete_customeraccount"}}, {"model": "auth.permission", "pk": 100, "fields": {"name": "Can view customer account", "content_type": 25, "codename": "view_customeraccount"}}, {"model": "auth.permission", "pk": 101, "fields": {"name": "Can add retailer account", "content_type": 26, "codename": "add_retaileraccount"}}, {"model": "auth.permission", "pk": 102, "fields": {"name": "Can change retailer account", "content_type": 26, "codename": "change_retaileraccount"}}, {"model": "auth.permission", "pk": 103, "fields": {"name": "Can delete retailer account", "content_type": 26, "codename": "delete_retaileraccount"}}, {"model": "auth.permission", "pk": 104, "fields": {"name": "Can view retailer account", "content_type": 26, "codename": "view_retaileraccount"}}, {"model": "auth.user", "pk": 1, "fields": {"password": "pbkdf2_sha256$600000$oK6EY3JkL7vKSHvXahYBtG$ddO4Z2SyB/JMe1t1Ohb2rNeCrFkd3xS1Ez22bCPFqOU=", "last_login": null, "is_superuser": true, "username": "admin", "first_name": "", "last_name": "", "email": "", "is_staff": true, "is_active": true, "date_joined": "2023-06-20T09:08:56.152Z", "groups": [], "user_permissions": []}}, {"model": "auth.user", "pk": 2, "fields": {"password": "pbkdf2_sha256$600000$5UHGgJ6Yv7p957DgfvEncO$0zmPBHoyT6fuDZ5XIp//bvYTuthd47uLW5mVmMlI63M=", "last_login": null, "is_superuser": false, "username": "nahom", "first_name": "", "last_name": "", "email": "nahomabraham17@gmail.com", "is_staff": false, "is_active": true, "date_joined": "2023-06-20T10:57:13.109Z", "groups": [], "user_permissions": []}}, {"model": "auth.user", "pk": 3, "fields": {"password": "pbkdf2_sha256$600000$FXeB1hvYvOzfzDndTgYQ50$Ut20dpSHM9PPx7VERrqxt/isl21kyySBghENhxrbJ6M=", "last_login": null, "is_superuser": false, "username": "kira", "first_name": "", "last_name": "", "email": "cherubimtenth1@gmail.com", "is_staff": false, "is_active": true, "date_joined": "2023-06-20T11:00:00.011Z", "groups": [], "user_permissions": []}}, {"model": "auth.user", "pk": 4, "fields": {"password": "pbkdf2_sha256$600000$REr14bEjZcC0MGUy70jcHL$89DpAr2jhPQ+F1l0vsuCMmkgXNXPO11cU2d3sOh6ISI=", "last_login": null, "is_superuser": false, "username": "du", "first_name": "", "last_name": "", "email": "yaredte45@gmail.com", "is_staff": false, "is_active": true, "date_joined": "2023-06-20T11:29:50.578Z", "groups": [], "user_permissions": []}}, {"model": "contenttypes.contenttype", "pk": 1, "fields": {"app_label": "dashboard", "model": "userdashboardmodule"}}, {"model": "contenttypes.contenttype", "pk": 2, "fields": {"app_label": "jet", "model": "bookmark"}}, {"model": "contenttypes.contenttype", "pk": 3, "fields": {"app_label": "jet", "model": "pinnedapplication"}}, {"model": "contenttypes.contenttype", "pk": 4, "fields": {"app_label": "admin", "model": "logentry"}}, {"model": "contenttypes.contenttype", "pk": 5, "fields": {"app_label": "auth", "model": "permission"}}, {"model": "contenttypes.contenttype", "pk": 6, "fields": {"app_label": "auth", "model": "group"}}, {"model": "contenttypes.contenttype", "pk": 7, "fields": {"app_label": "auth", "model": "user"}}, {"model": "contenttypes.contenttype", "pk": 8, "fields": {"app_label": "contenttypes", "model": "contenttype"}}, {"model": "contenttypes.contenttype", "pk": 9, "fields": {"app_label": "sessions", "model": "session"}}, {"model": "contenttypes.contenttype", "pk": 10, "fields": {"app_label": "user", "model": "customer"}}, {"model": "contenttypes.contenttype", "pk": 11, "fields": {"app_label": "user", "model": "retailer"}}, {"model": "contenttypes.contenttype", "pk": 12, "fields": {"app_label": "product", "model": "category"}}, {"model": "contenttypes.contenttype", "pk": 13, "fields": {"app_label": "product", "model": "product"}}, {"model": "contenttypes.contenttype", "pk": 14, "fields": {"app_label": "product", "model": "productitem"}}, {"model": "contenttypes.contenttype", "pk": 15, "fields": {"app_label": "product", "model": "review"}}, {"model": "contenttypes.contenttype", "pk": 16, "fields": {"app_label": "cart", "model": "cart"}}, {"model": "contenttypes.contenttype", "pk": 17, "fields": {"app_label": "cart", "model": "cartitem"}}, {"model": "contenttypes.contenttype", "pk": 18, "fields": {"app_label": "order", "model": "customorder"}}, {"model": "contenttypes.contenttype", "pk": 19, "fields": {"app_label": "order", "model": "order"}}, {"model": "contenttypes.contenttype", "pk": 20, "fields": {"app_label": "order", "model": "shippingaddress"}}, {"model": "contenttypes.contenttype", "pk": 21, "fields": {"app_label": "order", "model": "orderitem"}}, {"model": "contenttypes.contenttype", "pk": 22, "fields": {"app_label": "wishlist", "model": "wishlist"}}, {"model": "contenttypes.contenttype", "pk": 23, "fields": {"app_label": "wishlist", "model": "wishlistitem"}}, {"model": "contenttypes.contenttype", "pk": 24, "fields": {"app_label": "payment", "model": "adminaccount"}}, {"model": "contenttypes.contenttype", "pk": 25, "fields": {"app_label": "payment", "model": "customeraccount"}}, {"model": "contenttypes.contenttype", "pk": 26, "fields": {"app_label": "payment", "model": "retaileraccount"}}, {"model": "user.customer", "pk": 2, "fields": {"first_name": "Nahom", "last_name": "Abraham", "phone_number": "0970458610", "email": "nahomabraham17@gmail.com", "local_address": "AA", "subcity": "AA", "city": "AA", "photo": "C:\\fakepath\\UEYV8azZ_a.jpg", "reset_password_code": null, "date_created": "2023-06-20T10:57:13.114Z"}}, {"model": "user.retailer", "pk": 3, "fields": {"first_name": "Kirubel", "last_name": "Asrat", "phone_number": "0923596915", "email": "cherubimtenth1@gmail.com", "local_address": "Silassie", "subcity": "Welete", "city": "Sheger", "photo": "C:\\fakepath\\vacation-glasses-optical-protection-sun.jpg", "accepts_custom_order": true, "custom_order_price": "200.00", "store_name": "Leburik Store", "rating": "0.00", "reset_password_code": null, "date_created": "2023-06-20T11:00:00.014Z"}}, {"model": "user.retailer", "pk": 4, "fields": {"first_name": "Yared", "last_name": "Tekleyohannes", "phone_number": "0943102482", "email": "yaredte45@gmail.com", "local_address": "AA", "subcity": "AA", "city": "AA", "photo": "C:\\fakepath\\login-image2.png", "accepts_custom_order": false, "custom_order_price": "300.00", "store_name": "Yared's Store", "rating": "0.00", "reset_password_code": null, "date_created": "2023-06-20T11:29:50.586Z"}}, {"model": "product.product", "pk": 5, "fields": {"retailer": 4, "name": "Classic Black", "age_group": "S", "gender_category": "U", "category": "Sports", "brand": "Ray-Ban", "description": "A sleek and understated design, perfect for any occasion.", "rating": null, "quantity": 50, "numReviews": 0, "price": "129.99", "createdAt": "2023-06-20T13:19:06.094Z", "photo": "eyeglasses-wear_1_crRSTD9.jpg"}}, {"model": "product.product", "pk": 6, "fields": {"retailer": 4, "name": "Round Retro", "age_group": "K", "gender_category": "F", "category": "Aviator", "brand": "Oakley", "description": "A vintage-inspired round frame with modern materials and technology.", "rating": null, "quantity": 50, "numReviews": 0, "price": "149.99", "createdAt": "2023-06-20T13:19:42.415Z", "photo": "sunglasses_GwqSRri.jpg"}}, {"model": "product.product", "pk": 7, "fields": {"retailer": 4, "name": "Sporty Wrap", "age_group": "S", "gender_category": "M", "category": "Cat Eye", "brand": "Nike", "description": "A lightweight and durable wraparound design, ideal for active lifestyles.", "rating": null, "quantity": 50, "numReviews": 0, "price": "94.99", "createdAt": "2023-06-20T13:20:15.950Z", "photo": "eyeglasses-wear_yDHiGKp.jpg"}}, {"model": "product.product", "pk": 8, "fields": {"retailer": 4, "name": "Fashionable Cat-Eye", "age_group": "T", "gender_category": "U", "category": "Clip-On", "brand": "Gucci", "description": "A bold and stylish cat-eye frame, perfect for making a statement.", "rating": null, "quantity": 50, "numReviews": 0, "price": "239.99", "createdAt": "2023-06-20T13:20:56.488Z", "photo": "vacation-glasses-optical-protection-sun.jpg"}}, {"model": "cart.cart", "pk": 1, "fields": {"customer": 2, "created_at": "2023-06-20T10:57:13.117Z", "updated_at": "2023-06-20T10:57:13.117Z"}}, {"model": "order.order", "pk": 1, "fields": {"customer": 2, "retailer": 3, "paymentMethod": "cbebirr", "delivery": "GO Delivery Ethiopia", "shippingPrice": "100.00", "commissionRate": "2%", "commissionPrice": "2.00", "totalPrice": "201.99", "isPaid": true, "paidAt": null, "isDelivered": false, "deliveredAt": null, "createdAt": "2023-06-20T11:39:20.642Z"}}, {"model": "order.order", "pk": 2, "fields": {"customer": 2, "retailer": 4, "paymentMethod": "cbebirr", "delivery": "GO Delivery Ethiopia", "shippingPrice": "100.00", "commissionRate": "2%", "commissionPrice": "4.80", "totalPrice": "344.79", "isPaid": true, "paidAt": null, "isDelivered": false, "deliveredAt": null, "createdAt": "2023-06-20T11:39:20.652Z"}}, {"model": "order.order", "pk": 3, "fields": {"customer": 2, "retailer": 4, "paymentMethod": "amole", "delivery": "Eshi Express", "shippingPrice": "100.00", "commissionRate": "2%", "commissionPrice": "4.80", "totalPrice": "344.79", "isPaid": true, "paidAt": null, "isDelivered": false, "deliveredAt": null, "createdAt": "2023-06-20T12:10:39.592Z"}}, {"model": "order.order", "pk": 4, "fields": {"customer": 2, "retailer": 3, "paymentMethod": "amole", "delivery": "Eshi Express", "shippingPrice": "100.00", "commissionRate": "2%", "commissionPrice": "2.00", "totalPrice": "201.99", "isPaid": true, "paidAt": null, "isDelivered": false, "deliveredAt": null, "createdAt": "2023-06-20T12:10:39.603Z"}}, {"model": "order.order", "pk": 5, "fields": {"customer": 2, "retailer": 4, "paymentMethod": "", "delivery": "", "shippingPrice": "100.00", "commissionRate": "2%", "commissionPrice": "4.80", "totalPrice": "344.79", "isPaid": true, "paidAt": null, "isDelivered": false, "deliveredAt": null, "createdAt": "2023-06-20T12:11:28.740Z"}}, {"model": "order.order", "pk": 6, "fields": {"customer": 2, "retailer": 3, "paymentMethod": "", "delivery": "", "shippingPrice": "100.00", "commissionRate": "2%", "commissionPrice": "2.00", "totalPrice": "201.99", "isPaid": true, "paidAt": null, "isDelivered": false, "deliveredAt": null, "createdAt": "2023-06-20T12:11:28.750Z"}}, {"model": "order.order", "pk": 7, "fields": {"customer": 2, "retailer": 3, "paymentMethod": "telebirr", "delivery": "Awra Delivery", "shippingPrice": "100.00", "commissionRate": "2%", "commissionPrice": "2.00", "totalPrice": "201.99", "isPaid": true, "paidAt": null, "isDelivered": false, "deliveredAt": null, "createdAt": "2023-06-20T12:15:49.696Z"}}, {"model": "order.order", "pk": 8, "fields": {"customer": 2, "retailer": 4, "paymentMethod": "amole", "delivery": "WeDeliver", "shippingPrice": "100.00", "commissionRate": "2%", "commissionPrice": "4.80", "totalPrice": "344.79", "isPaid": true, "paidAt": null, "isDelivered": false, "deliveredAt": null, "createdAt": "2023-06-20T12:16:59.796Z"}}, {"model": "order.orderitem", "pk": 1, "fields": {"product": null, "order": 1, "name": "Sporty Wrap", "qty": 1, "price": "99.99"}}, {"model": "order.orderitem", "pk": 2, "fields": {"product": null, "order": 2, "name": "Fashionable Cat-Eye", "qty": 1, "price": "239.99"}}, {"model": "order.orderitem", "pk": 3, "fields": {"product": null, "order": 3, "name": "Fashionable Cat-Eye", "qty": 1, "price": "239.99"}}, {"model": "order.orderitem", "pk": 4, "fields": {"product": null, "order": 4, "name": "Sporty Wrap", "qty": 1, "price": "99.99"}}, {"model": "order.orderitem", "pk": 5, "fields": {"product": null, "order": 5, "name": "Fashionable Cat-Eye", "qty": 1, "price": "239.99"}}, {"model": "order.orderitem", "pk": 6, "fields": {"product": null, "order": 6, "name": "Sporty Wrap", "qty": 1, "price": "99.99"}}, {"model": "order.orderitem", "pk": 7, "fields": {"product": null, "order": 7, "name": "Sporty Wrap", "qty": 1, "price": "99.99"}}, {"model": "order.orderitem", "pk": 8, "fields": {"product": null, "order": 8, "name": "Fashionable Cat-Eye", "qty": 1, "price": "239.99"}}, {"model": "order.shippingaddress", "pk": 1, "fields": {"order": 1, "address": null, "city": "AA", "shippingPrice": "100.00"}}, {"model": "order.shippingaddress", "pk": 2, "fields": {"order": 2, "address": null, "city": "AA", "shippingPrice": "100.00"}}, {"model": "order.shippingaddress", "pk": 3, "fields": {"order": 3, "address": null, "city": "AA", "shippingPrice": "100.00"}}, {"model": "order.shippingaddress", "pk": 4, "fields": {"order": 4, "address": null, "city": "AA", "shippingPrice": "100.00"}}, {"model": "order.shippingaddress", "pk": 5, "fields": {"order": 5, "address": null, "city": "AA", "shippingPrice": "100.00"}}, {"model": "order.shippingaddress", "pk": 6, "fields": {"order": 6, "address": null, "city": "AA", "shippingPrice": "100.00"}}, {"model": "order.shippingaddress", "pk": 7, "fields": {"order": 7, "address": null, "city": "AA", "shippingPrice": "100.00"}}, {"model": "order.shippingaddress", "pk": 8, "fields": {"order": 8, "address": null, "city": "AA", "shippingPrice": "100.00"}}, {"model": "wishlist.wishlist", "pk": 1, "fields": {"customer": 2, "date_created": "2023-06-20T10:57:13.117Z"}}, {"model": "payment.customeraccount", "pk": 1, "fields": {"customer": 2, "balance": "2812.88", "reserved_balance": "3078.69", "total_reserved_balance": "2187.12"}}, {"model": "payment.retaileraccount", "pk": 1, "fields": {"retailer": 3, "balance": "0.00"}}, {"model": "payment.retaileraccount", "pk": 2, "fields": {"retailer": 4, "balance": "0.00"}}]